Name,Link
AndresZ2021,https://www.deviantart.com/andresz2021
TarloEgnaro,https://www.deviantart.com/tarloegnaro
Vairenmorningstar667,https://www.deviantart.com/vairenmorningstar667
orumaitoobeso,https://www.deviantart.com/orumaitoobeso
gatopri,https://www.deviantart.com/gatopri
rud390,https://www.deviantart.com/rud390
SaribS,https://www.deviantart.com/saribs
shadowgamer34,https://www.deviantart.com/shadowgamer34
Bite035,https://www.deviantart.com/bite035
ErickFl,https://www.deviantart.com/erickfl
naickmer,https://www.deviantart.com/naickmer
EnderIcaro,https://www.deviantart.com/endericaro
shadowgamer34,https://www.deviantart.com/shadowgamer34
joegallagher,https://joegallagher.itch.io/
